,value,metric,type
0,7.1170045638501005,kde,full
1,-0.40978651858447,kde,full
2,0.304695421499532,kde,full
3,19.3988331678418,kde,full
4,0.4607583902924145,kde,full
5,0.9547550978707464,kde,full
6,3.9579117174801923,kde,full
7,3.326815905228125,kde,full
8,14.838229336582307,kde,full
9,0.16365338546455344,kde,full
10,1.6095872739195265,kde,full
11,4.020559685638803,kde,full
12,1.7543483946802834,kde,full
13,4.745711331192292,kde,full
14,3.571324984372625,kde,full
15,7.040391586828671,kde,full
16,-3.151468458136903,kde,full
17,2.6095350358239546,kde,full
18,0.9196182923031684,kde,full
19,1.6578789007116708,kde,full
20,0.3603882446798151,kde,full
21,-3.1398044149419646,kde,full
22,0.362317090398976,kde,full
23,3.0358426782292454,kde,full
24,1.1797237837012107,kde,full
25,5.168795862628549,kde,full
26,-1.9143706404390233,kde,full
27,3.294149268052977,kde,full
28,1.780295978731644,kde,full
29,2.4668596417961655,kde,full
30,1.8676311895377968,kde,full
31,0.540187852573223,kde,full
32,-0.00033762354137509276,kde,full
33,0.6969848429209576,kde,full
34,0.10856630830962788,kde,full
35,2.0397695288388897,kde,full
36,3.599285781802127,kde,full
37,5.940236657612711,kde,full
38,8.216953658477065,kde,full
39,-0.44351486917147936,kde,full
40,2.992765817729918,kde,full
41,1.695567826282467,kde,full
42,0.7532425007225133,kde,full
43,2.221036026943236,kde,full
44,4.521307756496588,kde,full
45,-0.4312116565141795,kde,full
46,1.9067793039860432,kde,full
47,8.39457651775607,kde,full
48,4.416437586420293,kde,full
49,2.11566006978179,kde,full
50,0.504083051990323,kde,full
51,-0.2083512844072798,kde,full
52,1.2828506052015576,kde,full
53,14.957293963566098,kde,full
54,8.091199778223219,kde,full
55,1.6310667928218603,kde,full
56,0.5029044786027002,kde,full
57,-3.7916419802348256,kde,full
58,2.3499819472829695,kde,full
59,4.0144790665232435,kde,full
60,2.848113019242234,kde,full
61,2.4092325052147965,kde,full
62,4.068775327489963,kde,full
63,-3.656132902757232,kde,full
64,0.45866276005463996,kde,full
65,2.6204769045290375,kde,full
66,2.8191528261096845,kde,full
67,5.786381328383181,kde,full
68,9.142818218473353,kde,full
69,-1.9714960295819008,kde,full
70,0.2563190124709616,kde,full
71,0.5617715133663784,kde,full
72,1.7237045985442965,kde,full
73,3.6121403676895554,kde,full
74,8.690772497028911,kde,full
75,-2.3444593043094786,kde,full
76,-1.4270828237361244,kde,full
77,1.2212266175064181,kde,full
78,-3.5107322773892102,kde,full
79,3.495943165016923,kde,full
80,3.9440100252967216,kde,full
81,2.015597192823904,kde,full
82,-2.8860344680278778,kde,full
83,-2.2901944669188694,kde,full
84,1.8503949506271722,kde,full
85,-4.4106989765679785,kde,full
86,2.1187128569097657,kde,full
87,2.8420573791345856,kde,full
88,20.0,kde,full
89,-2.8775799565423634,kde,full
90,-3.032221779589415,kde,full
91,4.291908804562246,kde,full
92,-4.38239057245191,kde,full
93,-0.008440225964871928,kde,full
94,1.8050235049694279,kde,full
95,3.9870330906915443,kde,full
96,-0.5973579656927891,kde,full
97,-0.1577992933831414,kde,full
98,8.617893922976702,kde,full
99,-4.526454282561085,kde,full
100,3.0633307887771535,kde,full
101,1.0302078911128827,kde,full
102,17.46609828027842,kde,full
103,-1.5122210060749863,kde,full
104,-1.3202176225623834,kde,full
105,3.143854944879002,kde,full
106,-4.68887928169259,kde,full
107,0.2337461513938946,kde,full
108,-1.1072936816282073,kde,full
109,12.24954559114194,kde,full
110,-1.2742086768262342,kde,full
111,-1.5084907459295465,kde,full
112,2.443304837994435,kde,full
113,-4.791672379535338,kde,full
114,2.6100804295524176,kde,full
115,-1.3190070136034513,kde,full
116,-1.1808465690576937,kde,full
117,-1.4020257982621152,kde,full
118,4.960525307392767,kde,full
119,-4.571004899148548,kde,full
120,0.5474241962937839,kde,full
121,0.5928887897954206,kde,full
122,-1.2634593152130529,kde,full
123,-1.2327225801937343,kde,full
124,-0.33600128359679926,kde,full
125,-4.561374833582454,kde,full
126,0.8115152052938892,kde,full
127,0.47931814467150513,kde,full
128,-2.4377438331291534,kde,full
129,-1.5060486705244671,kde,full
130,0.9032057859977471,kde,full
131,-4.488915268377592,kde,full
132,6.567534872260096,kde,full
133,0.6369445841200719,kde,full
134,-2.432982610678642,kde,full
135,-2.234510107264069,kde,full
136,1.6912034115640606,kde,full
137,-4.551098770970155,kde,full
138,1.3878353200537181,kde,full
139,0.12046131016990726,kde,full
140,-2.897651771400466,kde,full
141,-1.1833198486978556,kde,full
142,-1.1826959029529795,kde,full
143,-4.664272931827528,kde,full
144,2.8325212178677104,kde,full
145,4.2352547353090895,kde,full
146,-2.622078837683185,kde,full
147,-0.852694077563793,kde,full
148,13.441448194792766,kde,full
149,-4.732990784807987,kde,full
150,0.18338990960982826,kde,full
151,2.42208938495687,kde,full
152,-2.5854766861265754,kde,full
153,-0.515304172138454,kde,full
154,0.5339893685932664,kde,full
155,-4.571729897935257,kde,full
156,1.3999112788685626,kde,full
157,1.5893680699804347,kde,full
158,-3.875804837863001,kde,full
159,-0.49959978722073295,kde,full
160,0.43132750959038624,kde,full
161,-4.658835400466099,kde,full
162,0.17810007469390599,kde,full
163,0.17578341267761682,kde,full
164,-3.3848389107434547,kde,full
165,-0.9901053580048595,kde,full
166,0.7020934898254177,kde,full
167,-4.704134238662731,kde,full
168,11.632410390323852,kde,full
169,-0.7223304211590926,kde,full
170,-4.728572186605469,kde,full
171,-1.339585951096312,kde,full
172,1.2793188773132518,kde,full
173,-4.7045678204634465,kde,full
174,3.0143096910201073,kde,full
175,-2.1143127272408795,kde,full
176,-4.489961285976771,kde,full
177,-0.07746440775269203,kde,full
178,5.415300065563312,kde,full
179,-4.550744874139137,kde,full
180,3.8401239380926055,kde,full
181,-4.657570916626716,kde,full
182,3.552080325786223,kde,full
183,-4.639033481607354,kde,full
184,-4.487316903837248,kde,full
185,-4.006596854839726,kde,full
186,-4.613454482246957,kde,full
187,-4.199404935013499,kde,full
188,-4.53105885064496,kde,full
189,-4.426541695477101,kde,full
190,-4.380115993867405,kde,full
191,-4.673929131701668,kde,full
192,-4.6775315116767455,kde,full
193,-4.786818514152335,kde,full
194,-4.671406494094789,kde,full
195,-4.771701857322369,kde,full
196,-4.64297566670969,kde,full
197,-4.679367218822753,kde,full
198,-4.717446083134474,kde,full
199,-4.7395710522844485,kde,full
200,9.102443096393571,kde,full
201,1.4159924054127333,kde,full
202,7.662143133928045,kde,full
203,8.59500632659166,kde,full
204,6.361115984827061,kde,full
205,12.613716421894699,kde,full
206,3.3968685394722407,kde,full
207,3.361762037206591,kde,full
208,2.077890588196929,kde,full
209,12.930500386297531,kde,full
210,2.0576737340334796,kde,full
211,1.3020140871279957,kde,full
212,0.4312021452541348,kde,full
213,7.644796788018502,kde,full
214,3.630816365641964,kde,full
215,7.108852967695299,kde,full
216,-0.08771967602978109,kde,full
217,1.834883760113946,kde,full
218,2.43751805049389,kde,full
219,10.689473192223236,kde,full
220,4.579702833705826,kde,full
221,14.165801252120108,kde,full
222,3.956286693177565,kde,full
223,2.7000233049420626,kde,full
224,4.245892778108116,kde,full
225,3.3202351981235685,kde,full
226,-3.4522733284423492,kde,full
227,7.52346929436751,kde,full
228,5.139867940154461,kde,full
229,-3.480765968229986,kde,full
230,5.951189972744997,kde,full
231,3.1421737247986714,kde,full
232,-3.688453675206303,kde,full
233,9.249933515070646,kde,full
234,4.989145282503793,kde,full
235,-3.6452541285943565,kde,full
236,12.715632705022285,kde,full
237,1.1788348712119103,kde,full
238,-3.8097468702400663,kde,full
239,3.401513954202826,kde,full
240,1.953903343943003,kde,full
241,-3.781937653179279,kde,full
242,1.2677235418821207,kde,full
243,5.04517171724715,kde,full
244,-3.847456055033194,kde,full
245,2.3265193523734613,kde,full
246,7.865911351992188,kde,full
247,-3.9056568411170702,kde,full
248,0.2127838640395019,kde,full
249,2.2677625014936624,kde,full
250,-4.034717675029178,kde,full
251,-1.0507342713560843,kde,full
252,2.5424987423059404,kde,full
253,-4.011694158323817,kde,full
254,0.31170587677707146,kde,full
255,0.7412445522473998,kde,full
256,-3.2311633783423708,kde,full
257,-0.005106064010446332,kde,full
258,0.2946704320906004,kde,full
259,-1.0509656697822964,kde,full
260,-0.7133765516427286,kde,full
261,0.7367817787814923,kde,full
262,-1.9557509126981054,kde,full
263,0.6312306707226909,kde,full
264,0.3559854654193321,kde,full
265,-1.9777200488311557,kde,full
266,0.19180549144790351,kde,full
267,-0.7272154546714604,kde,full
268,-2.5293746203449334,kde,full
269,1.2118393441441135,kde,full
270,-1.470335794475322,kde,full
271,-2.859024025021273,kde,full
272,0.13139735302818834,kde,full
273,-2.315469223855691,kde,full
274,-3.1293022093498397,kde,full
275,0.989968389888837,kde,full
276,-2.8771717250534907,kde,full
277,-0.8137406295476548,kde,full
278,1.5536723535246364,kde,full
279,-4.20093378504061,kde,full
280,1.2834979792830912,kde,full
